PlateValue;TimeStamp;ImageList;Infraction;GPS
B118;[u'2016:12:15 21:52:20'];['G0598058.JPG'];['000'];[[44.447944199999995, 26.0748989]]
IF07ENX;[u'2016:12:15 21:51:27', u'2016:12:15 21:51:01', u'2016:12:15 21:51:01', u'2016:12:15 21:51:28', u'2016:12:15 21:51:12', u'2016:12:15 21:51:41', u'2016:12:15 21:50:36', u'2016:12:15 21:51:40', u'2016:12:15 21:51:06', u'2016:12:15 21:51:24', u'2016:12:15 21:51:45', u'2016:12:15 21:51:44', u'2016:12:15 21:51:30', u'2016:12:15 21:51:22', u'2016:12:15 21:50:50', u'2016:12:15 21:50:58', u'2016:12:15 21:51:15', u'2016:12:15 21:50:49', u'2016:12:15 21:51:23', u'2016:12:15 21:51:32', u'2016:12:15 21:51:25', u'2016:12:15 21:51:53', u'2016:12:15 21:51:46', u'2016:12:15 21:51:55', u'2016:12:15 21:51:26', u'2016:12:15 21:51:34', u'2016:12:15 21:50:48', u'2016:12:15 21:51:52', u'2016:12:15 21:51:36', u'2016:12:15 21:51:31', u'2016:12:15 21:50:47', u'2016:12:15 21:51:11', u'2016:12:15 21:50:55', u'2016:12:15 21:51:08', u'2016:12:15 21:51:19', u'2016:12:15 21:51:27', u'2016:12:15 21:51:47', u'2016:12:15 21:51:28', u'2016:12:15 21:51:20', u'2016:12:15 21:50:59', u'2016:12:15 21:51:18', u'2016:12:15 21:51:31', u'2016:12:15 21:51:09', u'2016:12:15 21:51:35', u'2016:12:15 21:51:36', u'2016:12:15 21:51:33', u'2016:12:15 21:51:21', u'2016:12:15 21:51:12', u'2016:12:15 21:51:45', u'2016:12:15 21:51:38', u'2016:12:15 21:50:45', u'2016:12:15 21:51:24', u'2016:12:15 21:50:56', u'2016:12:15 21:50:56', u'2016:12:15 21:51:16', u'2016:12:15 21:50:54', u'2016:12:15 21:51:11', u'2016:12:15 21:50:38', u'2016:12:15 21:50:52', u'2016:12:15 21:51:56', u'2016:12:15 21:50:53', u'2016:12:15 21:51:37', u'2016:12:15 21:51:15', u'2016:12:15 21:50:57', u'2016:12:15 21:50:59', u'2016:12:15 21:51:34', u'2016:12:15 21:52:07', u'2016:12:15 21:50:53', u'2016:12:15 21:50:11', u'2016:12:15 21:52:10', u'2016:12:15 21:52:10', u'2016:12:15 21:52:08', u'2016:12:15 21:51:44', u'2016:12:15 21:51:13', u'2016:12:15 21:51:08', u'2016:12:15 21:51:00', u'2016:12:15 21:51:40', u'2016:12:15 21:50:43', u'2016:12:15 21:51:22', u'2016:12:15 21:51:57', u'2016:12:15 21:50:41', u'2016:12:15 21:51:37', u'2016:12:15 21:51:07', u'2016:12:15 21:51:20', u'2016:12:15 21:51:14', u'2016:12:15 21:51:51', u'2016:12:15 21:50:44', u'2016:12:15 21:51:51', u'2016:12:15 21:51:10', u'2016:12:15 21:51:17', u'2016:12:15 21:50:37', u'2016:12:15 21:51:26', u'2016:12:15 21:51:09', u'2016:12:15 21:51:47', u'2016:12:15 21:51:05', u'2016:12:15 21:51:42', u'2016:12:15 21:50:38', u'2016:12:15 21:50:47', u'2016:12:15 21:50:42', u'2016:12:15 21:51:03', u'2016:12:15 21:51:25', u'2016:12:15 21:51:29', u'2016:12:15 21:51:35', u'2016:12:15 21:51:10', u'2016:12:15 21:52:06', u'2016:12:15 21:51:50', u'2016:12:15 21:51:04', u'2016:12:15 21:51:07', u'2016:12:15 21:52:09', u'2016:12:15 21:51:05', u'2016:12:15 21:51:29', u'2016:12:15 21:51:04', u'2016:12:15 21:51:38', u'2016:12:15 21:51:39', u'2016:12:15 21:51:23', u'2016:12:15 21:50:58', u'2016:12:15 21:51:03', u'2016:12:15 21:50:51', u'2016:12:15 21:51:19', u'2016:12:15 21:51:30', u'2016:12:15 21:51:02', u'2016:12:15 21:51:56', u'2016:12:15 21:51:13', u'2016:12:15 21:51:02', u'2016:12:15 21:51:52', u'2016:12:15 21:51:00', u'2016:12:15 21:52:05', u'2016:12:15 21:51:42', u'2016:12:15 21:51:54', u'2016:12:15 21:50:55', u'2016:12:15 21:51:41', u'2016:12:15 21:52:06', u'2016:12:15 21:51:55', u'2016:12:15 21:51:53', u'2016:12:15 21:51:18', u'2016:12:15 21:51:17', u'2016:12:15 21:52:07', u'2016:12:15 21:51:06'];['G0597951.JPG', 'G0597899.JPG', 'G0597900.JPG', 'G0597954.JPG', 'G0597921.JPG', 'G0597980.JPG', 'G0597850.JPG', 'G0597978.JPG', 'G0597910.JPG', 'G0597945.JPG', 'G0597987.JPG', 'G0597986.JPG', 'G0597958.JPG', 'G0597942.JPG', 'G0597878.JPG', 'G0597894.JPG', 'G0597927.JPG', 'G0597875.JPG', 'G0597943.JPG', 'G0597961.JPG', 'G0597947.JPG', 'G0598004.JPG', 'G0597989.JPG', 'G0598008.JPG', 'G0597950.JPG', 'G0597965.JPG', 'G0597874.JPG', 'G0598002.JPG', 'G0597969.JPG', 'G0597960.JPG', 'G0597871.JPG', 'G0597920.JPG', 'G0597888.JPG', 'G0597914.JPG', 'G0597935.JPG', 'G0597952.JPG', 'G0597991.JPG', 'G0597953.JPG', 'G0597938.JPG', 'G0597895.JPG', 'G0597933.JPG', 'G0597959.JPG', 'G0597915.JPG', 'G0597967.JPG', 'G0597970.JPG', 'G0597964.JPG', 'G0597939.JPG', 'G0597922.JPG', 'G0597988.JPG', 'G0597973.JPG', 'G0597868.JPG', 'G0597946.JPG', 'G0597889.JPG', 'G0597890.JPG', 'G0597929.JPG', 'G0597885.JPG', 'G0597919.JPG', 'G0597853.JPG', 'G0597882.JPG', 'G0598009.JPG', 'G0597883.JPG', 'G0597971.JPG', 'G0597928.JPG', 'G0597892.JPG', 'G0597896.JPG', 'G0597966.JPG', 'G0598032.JPG', 'G0597884.JPG', 'G0597800.JPG', 'G0598038.JPG', 'G0598037.JPG', 'G0598033.JPG', 'G0597985.JPG', 'G0597923.JPG', 'G0597913.JPG', 'G0597897.JPG', 'G0597977.JPG', 'G0597864.JPG', 'G0597941.JPG', 'G0598011.JPG', 'G0597860.JPG', 'G0597972.JPG', 'G0597911.JPG', 'G0597937.JPG', 'G0597926.JPG', 'G0597999.JPG', 'G0597865.JPG', 'G0598000.JPG', 'G0597918.JPG', 'G0597931.JPG', 'G0597852.JPG', 'G0597949.JPG', 'G0597916.JPG', 'G0597992.JPG', 'G0597907.JPG', 'G0597982.JPG', 'G0597854.JPG', 'G0597872.JPG', 'G0597862.JPG', 'G0597903.JPG', 'G0597948.JPG', 'G0597956.JPG', 'G0597968.JPG', 'G0597917.JPG', 'G0598029.JPG', 'G0597998.JPG', 'G0597906.JPG', 'G0597912.JPG', 'G0598036.JPG', 'G0597908.JPG', 'G0597955.JPG', 'G0597905.JPG', 'G0597974.JPG', 'G0597975.JPG', 'G0597944.JPG', 'G0597893.JPG', 'G0597904.JPG', 'G0597879.JPG', 'G0597936.JPG', 'G0597957.JPG', 'G0597901.JPG', 'G0598010.JPG', 'G0597924.JPG', 'G0597902.JPG', 'G0598001.JPG', 'G0597898.JPG', 'G0598028.JPG', 'G0597981.JPG', 'G0598006.JPG', 'G0597887.JPG', 'G0597979.JPG', 'G0598030.JPG', 'G0598007.JPG', 'G0598003.JPG', 'G0597934.JPG', 'G0597932.JPG', 'G0598031.JPG', 'G0597909.JPG'];['000', '000', '000', '000', '000', '000', '000', '000', '000', '000', '000', '000', '000', '000', '000', '000', '000', '000', '000', '000', '000', '000', '000', '000', '000', '000', '000', '000', '000', '000', '000', '000', '000', '000', '000', '000', '000', '000', '000', '000', '000', '000', '000', '000', '000', '000', '000', '000', '000', '000', '000', '000', '000', '000', '000', '000', '000', '000', '000', '000', '000', '000', '000', '000', '000', '000', '000', '000', '000', '000', '000', '000', '000', '000', '000', '000', '000', '000', '000', '000', '000', '000', '000', '000', '000', '000', '000', '000', '000', '000', '000', '000', '000', '000', '000', '000', '000', '000', '000', '000', '000', '000', '000', '000', '000', '000', '000', '000', '000', '000', '000', '000', '000', '000', '000', '000', '000', '000', '000', '000', '000', '000', '000', '000', '000', '000', '000', '000', '000', '000', '000', '000', '000', '000', '000', '000', '000', '000'];[[44.447118399999994, 26.07572929997222], [44.447104499999995, 26.075731], [44.44710589997222, 26.075731999972223], [44.44711949997222, 26.0757283], [44.4471153, 26.07573179997222], [44.447120899999994, 26.075731], [44.446147999999994, 26.076073699972223], [44.44712049997222, 26.0757304], [44.44711159997222, 26.0757334], [44.447117199999994, 26.075730499972224], [44.447193599972216, 26.075815899972223], [44.447182299999994, 26.0758012], [44.447119799999996, 26.0757283], [44.447115999999994, 26.0757295], [44.446836999999995, 26.07551439997222], [44.44709379997222, 26.07572109997222], [44.44711519997222, 26.0757301], [44.446732299999994, 26.0754792], [44.44711639997222, 26.0757295], [44.447120399999996, 26.07572839997222], [44.44711749997222, 26.0757304], [44.44743299997222, 26.0760222], [44.44721859997222, 26.07584999997222], [44.447506699972216, 26.0760016], [44.447117899999995, 26.0757297], [44.447121199972216, 26.0757285], [44.44669329997222, 26.0754801], [44.447402099972216, 26.0760171], [44.447121599999996, 26.07572899997222], [44.44712019999999, 26.0757283], [44.446579099999994, 26.075513099972223], [44.4471153, 26.075731999972223], [44.44706049997222, 26.075690299999998], [44.44711319997222, 26.075732599972223], [44.447115499999995, 26.0757286], [44.447118999999994, 26.0757289], [44.44724229997222, 26.075882499972224], [44.44711929997222, 26.0757286], [44.44711589997222, 26.07572869997222], [44.447095999999995, 26.075723499972224], [44.44711499997222, 26.0757288], [44.44711989997222, 26.0757282], [44.44711379997222, 26.075732599972223], [44.44712139999999, 26.0757289], [44.44712139999999, 26.07572899997222], [44.447120999999996, 26.0757285], [44.447115499999995, 26.0757286], [44.4471153, 26.0757316], [44.447206899972215, 26.075834099999998], [44.447120899999994, 26.0757297], [44.446485499999994, 26.075583899999998], [44.447117399999996, 26.07573059997222], [44.44707139997222, 26.07570079997222], [44.44707789997222, 26.07570679997222], [44.447115099972216, 26.07572959997222], [44.447012199999996, 26.0756437], [44.44711499997222, 26.07573209997222], [44.446203499999996, 26.075989499972223], [44.44694599997222, 26.07558709997222], [44.447522299999996, 26.0759888], [44.446966399999994, 26.07560349997222], [44.44712109997222, 26.07572929997222], [44.44711519997222, 26.0757298], [44.447087799972216, 26.075715599972224], [44.44709819997222, 26.07572539997222], [44.447121199972216, 26.0757288], [44.447686999999995, 26.075709199972223], [44.446991099972216, 26.07562449997222], [44.444879199999995, 26.0779952], [44.4477361, 26.0755473], [44.447725999999996, 26.0755784], [44.44769409997222, 26.075686], [44.4471688, 26.0757845], [44.4471153, 26.0757313], [44.447112699972216, 26.0757328], [44.44710039997222, 26.0757273], [44.44712049997222, 26.0757303], [44.446387599999994, 26.0756999], [44.44711579997222, 26.07572929997222], [44.44754629997222, 26.07596369997222], [44.446300799999996, 26.075834099999998], [44.447120999999996, 26.0757295], [44.44711199997222, 26.075733199972223], [44.44711579997222, 26.0757286], [44.447115399999994, 26.0757304], [44.447354499999996, 26.07599319997222], [44.446411299999994, 26.07566789997222], [44.44736949999999, 26.07600259997222], [44.447114799999994, 26.075732299972223], [44.447114899999995, 26.0757292], [44.44618779997222, 26.07601449997222], [44.44711749997222, 26.07573], [44.447114199999994, 26.075732599972223], [44.447252899999995, 26.075896], [44.447109999999995, 26.075734099972223], [44.447131899999995, 26.0757419], [44.446217999999995, 26.07596739997222], [44.44661189999999, 26.0754996], [44.4463425, 26.0757677], [44.447108199999995, 26.0757337], [44.447117599972216, 26.0757303], [44.44712009997222, 26.0757279], [44.447121499999994, 26.0757289], [44.44711459997222, 26.0757325], [44.447664499999995, 26.0757787], [44.44733939997222, 26.0759824], [44.447109499999996, 26.075734], [44.447112399999995, 26.0757331], [44.447718299972216, 26.07560319997222], [44.44711079997222, 26.07573389997222], [44.447119799999996, 26.075727999999998], [44.447109299999994, 26.075734099972223], [44.44712079999999, 26.07572989997222], [44.44712069997222, 26.07572989997222], [44.447116799999996, 26.0757301], [44.447090499999995, 26.07571809997222], [44.44710899997222, 26.075734], [44.446867099972216, 26.0755327], [44.44711579997222, 26.0757285], [44.447119999972216, 26.075727999999998], [44.447106599972216, 26.07573299997222], [44.44753599997222, 26.0759751], [44.447115399999994, 26.075731099972224], [44.44710709997222, 26.0757334], [44.447384899999996, 26.0760107], [44.44710249997222, 26.0757292], [44.44765759997222, 26.0757976], [44.447124699999996, 26.07573449997222], [44.44747039999999, 26.0760182], [44.447047899999994, 26.0756778], [44.44712049997222, 26.0757303], [44.447671899999996, 26.075756899972223], [44.447489399999995, 26.07601179997222], [44.447418299999995, 26.076020799972223], [44.4471153, 26.07572869997222], [44.447114899999995, 26.0757289], [44.447679599999994, 26.0757331], [44.44711159997222, 26.075733499972223]]
CT09ZVN;[u'2016:12:15 21:50:28'];['G0597833.JPG'];['000'];[[44.445697799972216, 26.07673899997222]]
DJ56SVA;[u'2016:12:15 21:50:22'];['G0597821.JPG'];['000'];[[44.445367999999995, 26.077231999972224]]
B39EVM;[u'2016:12:15 21:49:41'];['G0597740.JPG'];['000'];[[44.44568829999999, 26.0775475]]
BC39RDC;[u'2016:12:15 21:52:26', u'2016:12:15 21:52:27', u'2016:12:15 21:52:25', u'2016:12:15 21:52:26'];['G0598070.JPG', 'G0598071.JPG', 'G0598068.JPG', 'G0598069.JPG'];['001', '001', '001', '001'];[[44.448057899999995, 26.07462119997222], [44.44806869999999, 26.074597699999998], [44.4480395, 26.07466159997222], [44.448049299999994, 26.074639699972224]]
B104KJM;[u'2016:12:15 21:50:12'];['G0597802.JPG'];['000'];[[44.444905599972216, 26.07793619997222]]
B86TTV;[u'2016:12:15 21:46:12'];['G0587656.JPG'];['000'];[[44.44596889997222, 26.0770623]]
B279TIR;[u'2016:12:15 21:50:22'];['G0597822.JPG'];['000'];[[44.445395299999994, 26.07719189997222]]
B54ZYH;[u'2016:12:15 21:49:58'];['G0597773.JPG'];['000'];[[44.44517619997222, 26.0782455]]
PH94DEM;[u'2016:12:15 21:52:29', u'2016:12:15 21:52:30', u'2016:12:15 21:52:29'];['G0598076.JPG', 'G0598077.JPG', 'G0598075.JPG'];['001', '001', '001'];[[44.448112899972216, 26.07449659997222], [44.44812209997222, 26.074475499972223], [44.448103999999994, 26.0745165]]
B92INY;[u'2016:12:15 21:50:02', u'2016:12:15 21:50:02'];['G0597782.JPG', 'G0597781.JPG'];['000', '000'];[[44.445038499999995, 26.07830339997222], [44.445056699999995, 26.07831219997222]]
B05JPJ;[u'2016:12:15 21:50:24'];['G0597826.JPG'];['000'];[[44.445504499972216, 26.077029199972223]]
B279TAR;[u'2016:12:15 21:50:23'];['G0597823.JPG'];['002'];[[44.445422199999996, 26.07715209997222]]
IL11DGS;[u'2016:12:15 21:49:48'];['G0597753.JPG'];['001'];[[44.44543649997222, 26.0778171]]
VN21S0M;[u'2016:12:15 21:50:26'];['G0597829.JPG'];['000'];[[44.44558399997222, 26.07690619997222]]
B072019;[u'2016:12:15 21:52:18', u'2016:12:15 21:52:19'];['G0598054.JPG', 'G0598055.JPG'];['000', '000'];[[44.44789759997222, 26.07503679997222], [44.447908999999996, 26.075001]]
B35HIR;[u'2016:12:15 21:46:12'];['G0587657.JPG'];['000'];[[44.445961499999996, 26.07706699997222]]
IF07DMD;[u'2016:12:15 21:52:18', u'2016:12:15 21:52:18'];['G0598053.JPG', 'G0598053.JPG'];['001', '001'];[[44.447888799999994, 26.075065899972223], [44.447888799999994, 26.075065899972223]]
B118AXS;[u'2016:12:15 21:52:21'];['G0598059.JPG'];['001'];[[44.447956999999995, 26.074862199972223]]
B113DDT;[u'2016:12:15 21:46:04'];['G0587640.JPG'];['000'];[[44.446018099999996, 26.0770808]]
B12KIZ;[u'2016:12:15 21:50:18'];['G0597814.JPG'];['000'];[[44.44517989997222, 26.07751389997222]]
B04KJM;[u'2016:12:15 21:50:12'];['G0597801.JPG'];['001'];[[44.444889599999996, 26.07796809997222]]
B96DTM;[u'2016:12:15 21:46:12'];['G0587656.JPG'];['002'];[[44.44596889997222, 26.0770623]]
BC39R0C;[u'2016:12:15 21:52:25'];['G0598067.JPG'];['000'];[[44.44803129997222, 26.07468019997222]]
B17XMY;[u'2016:12:15 21:52:25', u'2016:12:15 21:52:29', u'2016:12:15 21:52:26', u'2016:12:15 21:52:27', u'2016:12:15 21:52:25', u'2016:12:15 21:52:27', u'2016:12:15 21:52:26', u'2016:12:15 21:52:29'];['G0598067.JPG', 'G0598076.JPG', 'G0598070.JPG', 'G0598071.JPG', 'G0598068.JPG', 'G0598072.JPG', 'G0598069.JPG', 'G0598075.JPG'];['000', '000', '000', '000', '000', '000', '000', '000'];[[44.44803129997222, 26.07468019997222], [44.448112899972216, 26.07449659997222], [44.448057899999995, 26.07462119997222], [44.44806869999999, 26.074597699999998], [44.4480395, 26.07466159997222], [44.448076799999996, 26.0745788], [44.448049299999994, 26.074639699972224], [44.448103999999994, 26.0745165]]
B54ZWH;[u'2016:12:15 21:49:56', u'2016:12:15 21:49:57', u'2016:12:15 21:49:57'];['G0597769.JPG', 'G0597771.JPG', 'G0597772.JPG'];['001', '001', '001'];[[44.445232099972216, 26.07816869997222], [44.44520299997222, 26.07820979997222], [44.44518839997222, 26.0782297]]
B15DEN;[u'2016:12:15 21:51:44', u'2016:12:15 21:51:45', u'2016:12:15 21:51:44'];['G0597986.JPG', 'G0597988.JPG', 'G0597985.JPG'];['000', '000', '000'];[[44.447182299999994, 26.0758012], [44.447206899972215, 26.075834099999998], [44.4471688, 26.0757845]]
B889PRV;[u'2016:12:15 21:49:51'];['G0597760.JPG'];['001'];[[44.445336299999994, 26.0779767]]
B776EDI;[u'2016:12:15 21:50:20', u'2016:12:15 21:50:20'];['G0597817.JPG', 'G0597817.JPG'];['000', '000'];[[44.44525719999999, 26.07739619997222], [44.44525719999999, 26.07739619997222]]
B350LEA;[u'2016:12:15 21:52:22'];['G0598061.JPG'];['001'];[[44.44797779997222, 26.07480699997222]]
B78YS0;[u'2016:12:15 21:50:26'];['G0597829.JPG'];['000'];[[44.44558399997222, 26.07690619997222]]
B776EDA;[u'2016:12:15 21:50:20', u'2016:12:15 21:50:20'];['G0597818.JPG', 'G0597818.JPG'];['002', '002'];[[44.445286499999995, 26.0773519], [44.445286499999995, 26.0773519]]
B37WXV;[u'2016:12:15 21:52:15'];['G0598047.JPG'];['000'];[[44.4478346, 26.0752445]]
B66SCV;[u'2016:12:15 21:49:16', u'2016:12:15 21:49:15', u'2016:12:15 21:49:19', u'2016:12:15 21:49:17', u'2016:12:15 21:49:12', u'2016:12:15 21:49:21', u'2016:12:15 21:49:18', u'2016:12:15 21:49:16', u'2016:12:15 21:49:19', u'2016:12:15 21:49:21', u'2016:12:15 21:49:12', u'2016:12:15 21:49:13', u'2016:12:15 21:49:11', u'2016:12:15 21:49:13', u'2016:12:15 21:49:14', u'2016:12:15 21:49:15'];['G0597689.JPG', 'G0597687.JPG', 'G0597696.JPG', 'G0597692.JPG', 'G0597682.JPG', 'G0597700.JPG', 'G0597694.JPG', 'G0597690.JPG', 'G0597695.JPG', 'G0597699.JPG', 'G0597681.JPG', 'G0597684.JPG', 'G0597680.JPG', 'G0597683.JPG', 'G0597685.JPG', 'G0597688.JPG'];['002', '002', '002', '002', '002', '002', '002', '002', '002', '002', '002', '002', '002', '002', '002', '002'];[[44.446010599999994, 26.0771431], [44.446013099999995, 26.077144999999998], [44.446002299999996, 26.077133799972223], [44.446007099999996, 26.0771388], [44.446011399999996, 26.07714659997222], [44.446002899999996, 26.077125899972224], [44.44600439997222, 26.077135899972223], [44.446009699972215, 26.0771419], [44.44600299997222, 26.07713449997222], [44.44600069997222, 26.077128299972223], [44.44601229997222, 26.0771474], [44.446010999972216, 26.0771452], [44.446012999999994, 26.0771492], [44.446010799999996, 26.0771458], [44.44601089997222, 26.0771446], [44.44601229997222, 26.077144399999998]]
GR04Z0E;[u'2016:12:15 21:46:10', u'2016:12:15 21:46:14', u'2016:12:15 21:46:12', u'2016:12:15 21:49:23', u'2016:12:15 21:46:22', u'2016:12:15 21:49:16', u'2016:12:15 21:49:15', u'2016:12:15 21:49:19', u'2016:12:15 21:49:25', u'2016:12:15 21:49:22', u'2016:12:15 21:49:14', u'2016:12:15 21:46:17', u'2016:12:15 21:49:27', u'2016:12:15 21:46:15', u'2016:12:15 21:46:11', u'2016:12:15 21:49:17', u'2016:12:15 21:46:14', u'2016:12:15 21:46:15', u'2016:12:15 21:49:18', u'2016:12:15 21:49:20', u'2016:12:15 21:49:12', u'2016:12:15 21:49:24', u'2016:12:15 21:49:21', u'2016:12:15 21:49:17', u'2016:12:15 21:46:23', u'2016:12:15 21:46:16', u'2016:12:15 21:46:12', u'2016:12:15 21:49:20', u'2016:12:15 21:46:16', u'2016:12:15 21:49:18', u'2016:12:15 21:49:16', u'2016:12:15 21:46:13', u'2016:12:15 21:46:13', u'2016:12:15 21:46:18', u'2016:12:15 21:49:21', u'2016:12:15 21:46:20', u'2016:12:15 21:46:23', u'2016:12:15 21:46:21', u'2016:12:15 21:46:11', u'2016:12:15 21:46:18', u'2016:12:15 21:49:23', u'2016:12:15 21:46:21', u'2016:12:15 21:49:12', u'2016:12:15 21:49:22', u'2016:12:15 21:46:19', u'2016:12:15 21:49:13', u'2016:12:15 21:46:10', u'2016:12:15 21:46:20', u'2016:12:15 21:49:26', u'2016:12:15 21:49:11', u'2016:12:15 21:49:13', u'2016:12:15 21:46:19', u'2016:12:15 21:49:24', u'2016:12:15 21:46:17', u'2016:12:15 21:49:25', u'2016:12:15 21:49:14', u'2016:12:15 21:49:26', u'2016:12:15 21:46:22', u'2016:12:15 21:49:15'];['G0587652.JPG', 'G0587661.JPG', 'G0587656.JPG', 'G0597703.JPG', 'G0587677.JPG', 'G0597689.JPG', 'G0597687.JPG', 'G0597696.JPG', 'G0597707.JPG', 'G0597701.JPG', 'G0597686.JPG', 'G0587666.JPG', 'G0597711.JPG', 'G0587662.JPG', 'G0587655.JPG', 'G0597692.JPG', 'G0587660.JPG', 'G0587663.JPG', 'G0597693.JPG', 'G0597697.JPG', 'G0597682.JPG', 'G0597706.JPG', 'G0597700.JPG', 'G0597691.JPG', 'G0587678.JPG', 'G0587665.JPG', 'G0587657.JPG', 'G0597698.JPG', 'G0587664.JPG', 'G0597694.JPG', 'G0597690.JPG', 'G0587658.JPG', 'G0587659.JPG', 'G0587669.JPG', 'G0597699.JPG', 'G0587673.JPG', 'G0587679.JPG', 'G0587675.JPG', 'G0587654.JPG', 'G0587668.JPG', 'G0597704.JPG', 'G0587674.JPG', 'G0597681.JPG', 'G0597702.JPG', 'G0587670.JPG', 'G0597684.JPG', 'G0587653.JPG', 'G0587672.JPG', 'G0597709.JPG', 'G0597680.JPG', 'G0597683.JPG', 'G0587671.JPG', 'G0597705.JPG', 'G0587667.JPG', 'G0597708.JPG', 'G0597685.JPG', 'G0597710.JPG', 'G0587676.JPG', 'G0597688.JPG'];['002', '002', '002', '002', '002', '002', '002', '002', '002', '002', '002', '002', '002', '002', '002', '002', '002', '002', '002', '002', '002', '002', '002', '002', '002', '002', '002', '002', '002', '002', '002', '000', '000', '000', '000', '000', '000', '000', '000', '000', '000', '000', '000', '000', '000', '000', '000', '000', '000', '000', '000', '000', '000', '000', '000', '000', '000', '000', '000'];[[44.446002399972215, 26.077038599999998], [44.445958999999995, 26.0770786], [44.44596889997222, 26.0770623], [44.446012999999994, 26.07711589997222], [44.445971399972215, 26.077099699999998], [44.446010599999994, 26.0771431], [44.446013099999995, 26.077144999999998], [44.446002299999996, 26.077133799972223], [44.446011599972216, 26.07711169997222], [44.44600599997222, 26.0771218], [44.446011899999995, 26.077144699999998], [44.445966599972216, 26.0770893], [44.446003499999996, 26.07712], [44.44596059997222, 26.0770808], [44.44597649999999, 26.07705699997222], [44.446007099999996, 26.0771388], [44.445956599999995, 26.077074799972223], [44.445962599999994, 26.07708309997222], [44.44600569999999, 26.0771367], [44.44600109997222, 26.077132599972224], [44.446011399999996, 26.07714659997222], [44.446011999999996, 26.07711199997222], [44.446002899999996, 26.077125899972224], [44.446008299999995, 26.07713999997222], [44.445969399999996, 26.077099699999998], [44.445965699999995, 26.077087599972224], [44.445961499999996, 26.07706699997222], [44.445999699999994, 26.0771304], [44.445964099972215, 26.07708549997222], [44.44600439997222, 26.077135899972223], [44.446009699972215, 26.0771419], [44.445957199999995, 26.0770707], [44.445954699999994, 26.077072], [44.44596849997222, 26.07709309997222], [44.44600069997222, 26.077128299972223], [44.44597009997222, 26.07709679997222], [44.44596849997222, 26.0771], [44.445971799999995, 26.0770987], [44.445987899972216, 26.0770525], [44.445968099999995, 26.077092], [44.44601349997222, 26.07711409997222], [44.44597069997222, 26.07709769997222], [44.44601229997222, 26.0771474], [44.446008899999995, 26.0771173], [44.445968999972216, 26.0770942], [44.446010999972216, 26.0771452], [44.44599379997222, 26.077045299999998], [44.445969399999996, 26.0770957], [44.446009499999995, 26.077113399999998], [44.446012999999994, 26.0771492], [44.446010799999996, 26.0771458], [44.445968399972216, 26.0770945], [44.44601329997222, 26.07711289997222], [44.445967599999996, 26.0770911], [44.446011399999996, 26.07711199997222], [44.44601089997222, 26.0771446], [44.44600619997222, 26.07711469997222], [44.445971999972215, 26.077099399999998], [44.44601229997222, 26.077144399999998]]
PH17HIE;[u'2016:12:15 21:49:45'];['G0597747.JPG'];['000'];[[44.44554169997222, 26.07766889997222]]
B47UZP;[u'2016:12:15 21:50:29'];['G0597836.JPG'];['001'];[[44.445784799972216, 26.076609999972224]]
B58URV;[u'2016:12:15 21:50:25'];['G0597827.JPG'];['000'];[[44.44552749997222, 26.076993299999998]]
B961ALY;[u'2016:12:15 21:52:12', u'2016:12:15 21:52:12', u'2016:12:15 21:52:11'];['G0598042.JPG', 'G0598041.JPG', 'G0598040.JPG'];['000', '000', '000'];[[44.44777409997222, 26.075427399972224], [44.447763599999995, 26.075460199972223], [44.447754199972216, 26.07549069997222]]
B17XWY;[u'2016:12:15 21:52:30'];['G0598078.JPG'];['000'];[[44.448131599999996, 26.0744544]]
B88PNZ;[u'2016:12:15 21:50:31'];['G0597840.JPG'];['000'];[[44.445904799999994, 26.07643369997222]]
TR81SCF;[u'2016:12:15 21:50:26'];['G0597830.JPG'];['002'];[[44.44561229999999, 26.0768652]]
B718YNA;[u'2016:12:15 21:49:37'];['G0597732.JPG'];['003'];[[44.445787199972216, 26.0774103]]
B078866;[u'2016:12:15 21:51:59', u'2016:12:15 21:52:00', u'2016:12:15 21:52:03', u'2016:12:15 21:52:01', u'2016:12:15 21:52:01', u'2016:12:15 21:52:01', u'2016:12:15 21:52:00', u'2016:12:15 21:52:02', u'2016:12:15 21:51:59', u'2016:12:15 21:51:58', u'2016:12:15 21:52:02'];['G0598016.JPG', 'G0598017.JPG', 'G0598023.JPG', 'G0598019.JPG', 'G0598020.JPG', 'G0598020.JPG', 'G0598018.JPG', 'G0598022.JPG', 'G0598015.JPG', 'G0598014.JPG', 'G0598021.JPG'];['000', '000', '000', '000', '000', '000', '000', '000', '000', '000', '000'];[[44.44758219997222, 26.0759249], [44.447588499999995, 26.07591749997222], [44.447622799972216, 26.07587009997222], [44.447598799999994, 26.07590539997222], [44.447603599999994, 26.07589929997222], [44.447603599999994, 26.07589929997222], [44.447593899999994, 26.0759113], [44.447615299999995, 26.07588259997222], [44.447576399999996, 26.07593179997222], [44.44757069997222, 26.0759383], [44.44760899997222, 26.075891899972223]]
B91VIL;[u'2016:12:15 21:49:37', u'2016:12:15 21:49:37'];['G0597731.JPG', 'G0597732.JPG'];['002', '002'];[[44.445799099999995, 26.07739499997222], [44.445787199972216, 26.0774103]]
SB22YNA;[u'2016:12:15 21:50:34'];['G0597846.JPG'];['000'];[[44.446062399999995, 26.076201699972223]]
B90UUU;[u'2016:12:15 21:50:04'];['G0597786.JPG'];['000'];[[44.44498229997222, 26.078250099999998]]
B42F0I;[u'2016:12:15 21:51:50', u'2016:12:15 21:51:49'];['G0597997.JPG', 'G0597996.JPG'];['000', '000'];[[44.447324299972216, 26.07597069997222], [44.447309099972216, 26.0759578]]
B42F0J;[u'2016:12:15 21:51:46', u'2016:12:15 21:51:47', u'2016:12:15 21:51:46', u'2016:12:15 21:51:49', u'2016:12:15 21:51:48', u'2016:12:15 21:51:48', u'2016:12:15 21:51:47'];['G0597989.JPG', 'G0597991.JPG', 'G0597990.JPG', 'G0597995.JPG', 'G0597994.JPG', 'G0597993.JPG', 'G0597992.JPG'];['000', '000', '000', '000', '000', '000', '000'];[[44.44721859997222, 26.07584999997222], [44.44724229997222, 26.075882499972224], [44.447229699999994, 26.0758654], [44.447294499972216, 26.07594369997222], [44.447280199999994, 26.075928699972224], [44.447266799999994, 26.07591329997222], [44.447252899999995, 26.075896]]
B29LPE;[u'2016:12:15 21:50:02'];['G0597781.JPG'];['000'];[[44.445056699999995, 26.07831219997222]]
B129LRE;[u'2016:12:15 21:49:59', u'2016:12:15 21:50:00', u'2016:12:15 21:50:00', u'2016:12:15 21:50:01', u'2016:12:15 21:50:01'];['G0597776.JPG', 'G0597778.JPG', 'G0597778.JPG', 'G0597779.JPG', 'G0597780.JPG'];['001', '001', '001', '001', '001'];[[44.44512499997222, 26.0782883], [44.44509759997222, 26.078307299972224], [44.44509759997222, 26.078307299972224], [44.445085499972215, 26.07831159997222], [44.44506959997222, 26.0783124]]
PH940EW;[u'2016:12:15 21:52:28'];['G0598074.JPG'];['000'];[[44.448095499999994, 26.07453609997222]]
B51RIF;[u'2016:12:15 21:49:57'];['G0597772.JPG'];['001'];[[44.44518839997222, 26.0782297]]
B555DVL;[u'2016:12:15 21:50:15'];['G0597808.JPG'];['001'];[[44.44503379997222, 26.0777317]]
IF09967;[u'2016:12:15 21:52:24', u'2016:12:15 21:52:22', u'2016:12:15 21:52:23'];['G0598065.JPG', 'G0598062.JPG', 'G0598063.JPG'];['000', '000', '000'];[[44.448014799999996, 26.074715699972224], [44.447988599999995, 26.07477839997222], [44.447997999972216, 26.07475529997222]]
B111RKC;[u'2016:12:15 21:49:52'];['G0597762.JPG'];['000'];[[44.44531219997222, 26.0780245]]
VS05PEE;[u'2016:12:15 21:50:06'];['G0597790.JPG'];['001'];[[44.444935199999996, 26.078188399972223]]
B26FG0;[u'2016:12:15 21:50:36'];['G0597849.JPG'];['000'];[[44.44612789999999, 26.076103799972223]]
B38U0I;[u'2016:12:15 21:50:00'];['G0597777.JPG'];['000'];[[44.445109699999996, 26.0782992]]
B37ZII;[u'2016:12:15 21:52:15'];['G0598048.JPG'];['000'];[[44.447843899999995, 26.0752135]]
TR96BR0;[u'2016:12:15 21:52:05', u'2016:12:15 21:52:05', u'2016:12:15 21:52:04', u'2016:12:15 21:52:05'];['G0598027.JPG', 'G0598027.JPG', 'G0598026.JPG', 'G0598028.JPG'];['001', '001', '001', '001'];[[44.447651399972216, 26.0758137], [44.447651399972216, 26.0758137], [44.447644099972216, 26.075828999972224], [44.44765759997222, 26.0757976]]
B38GJY;[u'2016:12:15 21:52:12', u'2016:12:15 21:52:12'];['G0598041.JPG', 'G0598041.JPG'];['001', '001'];[[44.447763599999995, 26.075460199972223], [44.447763599999995, 26.075460199972223]]
B200PPJ;[u'2016:12:15 21:50:33'];['G0597843.JPG'];['000'];[[44.445985699999994, 26.0763117]]
CL13RZV;[u'2016:12:15 21:50:15'];['G0597807.JPG'];['001'];[[44.44501019997222, 26.077769799972224]]
B09RJX;[u'2016:12:15 21:52:08', u'2016:12:15 21:52:07', u'2016:12:15 21:52:08', u'2016:12:15 21:52:09'];['G0598034.JPG', 'G0598032.JPG', 'G0598033.JPG', 'G0598035.JPG'];['001', '001', '001', '001'];[[44.44770179997222, 26.0756608], [44.447686999999995, 26.075709199972223], [44.44769409997222, 26.075686], [44.44771049997222, 26.0756307]]
B174DCP;[u'2016:12:15 21:50:16'];['G0597809.JPG'];['003'];[[44.44505839999999, 26.07769449997222]]
B34HAR;[u'2016:12:15 21:46:14', u'2016:12:15 21:46:22', u'2016:12:15 21:46:17', u'2016:12:15 21:46:15', u'2016:12:15 21:46:15', u'2016:12:15 21:46:14', u'2016:12:15 21:46:14', u'2016:12:15 21:46:15', u'2016:12:15 21:46:15', u'2016:12:15 21:46:23', u'2016:12:15 21:46:23', u'2016:12:15 21:46:16', u'2016:12:15 21:46:16', u'2016:12:15 21:46:16', u'2016:12:15 21:46:16', u'2016:12:15 21:46:13', u'2016:12:15 21:46:18', u'2016:12:15 21:46:20', u'2016:12:15 21:46:20', u'2016:12:15 21:46:23', u'2016:12:15 21:46:21', u'2016:12:15 21:46:18', u'2016:12:15 21:46:21', u'2016:12:15 21:46:21', u'2016:12:15 21:46:19', u'2016:12:15 21:46:20', u'2016:12:15 21:46:19', u'2016:12:15 21:46:17', u'2016:12:15 21:46:22', u'2016:12:15 21:46:22'];['G0587661.JPG', 'G0587677.JPG', 'G0587666.JPG', 'G0587662.JPG', 'G0587662.JPG', 'G0587660.JPG', 'G0587660.JPG', 'G0587663.JPG', 'G0587663.JPG', 'G0587678.JPG', 'G0587678.JPG', 'G0587665.JPG', 'G0587665.JPG', 'G0587664.JPG', 'G0587664.JPG', 'G0587659.JPG', 'G0587669.JPG', 'G0587673.JPG', 'G0587673.JPG', 'G0587679.JPG', 'G0587675.JPG', 'G0587668.JPG', 'G0587674.JPG', 'G0587674.JPG', 'G0587670.JPG', 'G0587672.JPG', 'G0587671.JPG', 'G0587667.JPG', 'G0587676.JPG', 'G0587676.JPG'];['002', '002', '002', '002', '002', '002', '002', '002', '002', '002', '002', '002', '002', '002', '002', '002', '002', '002', '002', '002', '002', '002', '002', '002', '002', '002', '002', '002', '002', '002'];[[44.445958999999995, 26.0770786], [44.445971399972215, 26.077099699999998], [44.445966599972216, 26.0770893], [44.44596059997222, 26.0770808], [44.44596059997222, 26.0770808], [44.445956599999995, 26.077074799972223], [44.445956599999995, 26.077074799972223], [44.445962599999994, 26.07708309997222], [44.445962599999994, 26.07708309997222], [44.445969399999996, 26.077099699999998], [44.445969399999996, 26.077099699999998], [44.445965699999995, 26.077087599972224], [44.445965699999995, 26.077087599972224], [44.445964099972215, 26.07708549997222], [44.445964099972215, 26.07708549997222], [44.445954699999994, 26.077072], [44.44596849997222, 26.07709309997222], [44.44597009997222, 26.07709679997222], [44.44597009997222, 26.07709679997222], [44.44596849997222, 26.0771], [44.445971799999995, 26.0770987], [44.445968099999995, 26.077092], [44.44597069997222, 26.07709769997222], [44.44597069997222, 26.07709769997222], [44.445968999972216, 26.0770942], [44.445969399999996, 26.0770957], [44.445968399972216, 26.0770945], [44.445967599999996, 26.0770911], [44.445971999972215, 26.077099399999998], [44.445971999972215, 26.077099399999998]]
GL20ILV;[u'2016:12:15 21:51:43', u'2016:12:15 21:51:43'];['G0597983.JPG', 'G0597984.JPG'];['000', '000'];[[44.447141499999994, 26.07575179997222], [44.447155299972216, 26.07576789997222]]
B222DYN;[u'2016:12:15 21:49:56', u'2016:12:15 21:49:55'];['G0597769.JPG', 'G0597768.JPG'];['001', '001'];[[44.445232099972216, 26.07816869997222], [44.445245699999994, 26.078150399972223]]
PH17HTE;[u'2016:12:15 21:49:46', u'2016:12:15 21:49:46', u'2016:12:15 21:49:45'];['G0597749.JPG', 'G0597750.JPG', 'G0597748.JPG'];['002', '002', '002'];[[44.445501099999994, 26.0777089], [44.445481699999995, 26.0777366], [44.445518199999995, 26.07768139997222]]
B10VAM;[u'2016:12:15 21:50:35'];['G0597847.JPG'];['001'];[[44.446085399999994, 26.076167299999998]]
CJ84RCC;[u'2016:12:15 21:50:19', u'2016:12:15 21:50:20'];['G0597816.JPG', 'G0597817.JPG'];['002', '002'];[[44.44523409999999, 26.07743149997222], [44.44525719999999, 26.07739619997222]]
CT66DIG;[u'2016:12:15 21:50:26'];['G0597830.JPG'];['000'];[[44.44561229999999, 26.0768652]]
IF09367;[u'2016:12:15 21:52:22'];['G0598061.JPG'];['000'];[[44.44797779997222, 26.07480699997222]]
B100RGD;[u'2016:12:15 21:50:31', u'2016:12:15 21:51:01', u'2016:12:15 21:50:30', u'2016:12:15 21:51:24', u'2016:12:15 21:51:22', u'2016:12:15 21:50:58', u'2016:12:15 21:50:29', u'2016:12:15 21:50:32', u'2016:12:15 21:50:34', u'2016:12:15 21:50:29', u'2016:12:15 21:50:59', u'2016:12:15 21:51:21', u'2016:12:15 21:50:33', u'2016:12:15 21:50:33', u'2016:12:15 21:50:57', u'2016:12:15 21:50:57', u'2016:12:15 21:50:30', u'2016:12:15 21:50:32', u'2016:12:15 21:51:05', u'2016:12:15 21:51:03', u'2016:12:15 21:50:28', u'2016:12:15 21:51:04', u'2016:12:15 21:51:05', u'2016:12:15 21:51:04', u'2016:12:15 21:51:23', u'2016:12:15 21:50:58', u'2016:12:15 21:51:03', u'2016:12:15 21:51:02', u'2016:12:15 21:51:02', u'2016:12:15 21:51:00', u'2016:12:15 21:51:16', u'2016:12:15 21:50:31'];['G0597839.JPG', 'G0597899.JPG', 'G0597838.JPG', 'G0597945.JPG', 'G0597942.JPG', 'G0597894.JPG', 'G0597835.JPG', 'G0597842.JPG', 'G0597845.JPG', 'G0597836.JPG', 'G0597895.JPG', 'G0597939.JPG', 'G0597843.JPG', 'G0597844.JPG', 'G0597892.JPG', 'G0597891.JPG', 'G0597837.JPG', 'G0597841.JPG', 'G0597907.JPG', 'G0597903.JPG', 'G0597834.JPG', 'G0597906.JPG', 'G0597908.JPG', 'G0597905.JPG', 'G0597944.JPG', 'G0597893.JPG', 'G0597904.JPG', 'G0597901.JPG', 'G0597902.JPG', 'G0597898.JPG', 'G0597930.JPG', 'G0597840.JPG'];['000', '000', '000', '000', '000', '000', '000', '000', '000', '000', '000', '000', '000', '000', '000', '000', '000', '000', '000', '000', '000', '000', '000', '000', '000', '000', '000', '000', '000', '000', '000', '000'];[[44.445875699999995, 26.0764761], [44.447104499999995, 26.075731], [44.44584629997222, 26.076518799972224], [44.447117199999994, 26.075730499972224], [44.447115999999994, 26.0757295], [44.44709379997222, 26.07572109997222], [44.44575909997222, 26.07664839997222], [44.445958099972216, 26.07635099997222], [44.446037699972216, 26.07623699997222], [44.445784799972216, 26.076609999972224], [44.447095999999995, 26.075723499972224], [44.447115499999995, 26.0757286], [44.445985699999994, 26.0763117], [44.44601229997222, 26.07627349997222], [44.447087799972216, 26.075715599972224], [44.44708359997222, 26.075711599999998], [44.44581689997222, 26.07656199997222], [44.445931699999996, 26.076392299972223], [44.447109999999995, 26.075734099972223], [44.447108199999995, 26.0757337], [44.44572689997222, 26.0766962], [44.447109499999996, 26.075734], [44.44711079997222, 26.07573389997222], [44.447109299999994, 26.075734099972223], [44.447116799999996, 26.0757301], [44.447090499999995, 26.07571809997222], [44.44710899997222, 26.075734], [44.447106599972216, 26.07573299997222], [44.44710709997222, 26.0757334], [44.44710249997222, 26.0757292], [44.44711499997222, 26.07572929997222], [44.445904799999994, 26.07643369997222]]
B59HCE;[u'2016:12:15 21:50:21'];['G0597819.JPG'];['001'];[[44.44531299997222, 26.07731199997222]]
BC08UEU;[u'2016:12:15 21:51:27', u'2016:12:15 21:51:28', u'2016:12:15 21:51:41', u'2016:12:15 21:51:40', u'2016:12:15 21:51:45', u'2016:12:15 21:51:30', u'2016:12:15 21:51:22', u'2016:12:15 21:51:15', u'2016:12:15 21:51:23', u'2016:12:15 21:51:32', u'2016:12:15 21:51:25', u'2016:12:15 21:51:46', u'2016:12:15 21:51:34', u'2016:12:15 21:51:36', u'2016:12:15 21:51:31', u'2016:12:15 21:51:19', u'2016:12:15 21:51:27', u'2016:12:15 21:51:28', u'2016:12:15 21:51:20', u'2016:12:15 21:51:31', u'2016:12:15 21:51:35', u'2016:12:15 21:51:36', u'2016:12:15 21:51:33', u'2016:12:15 21:51:21', u'2016:12:15 21:51:38', u'2016:12:15 21:51:21', u'2016:12:15 21:51:24', u'2016:12:15 21:51:16', u'2016:12:15 21:51:37', u'2016:12:15 21:51:15', u'2016:12:15 21:51:34', u'2016:12:15 21:51:33', u'2016:12:15 21:51:44', u'2016:12:15 21:51:40', u'2016:12:15 21:51:22', u'2016:12:15 21:51:37', u'2016:12:15 21:51:32', u'2016:12:15 21:51:17', u'2016:12:15 21:51:42', u'2016:12:15 21:51:39', u'2016:12:15 21:51:29', u'2016:12:15 21:51:35', u'2016:12:15 21:51:29', u'2016:12:15 21:51:38', u'2016:12:15 21:51:43', u'2016:12:15 21:51:39', u'2016:12:15 21:51:19', u'2016:12:15 21:51:30', u'2016:12:15 21:51:18'];['G0597951.JPG', 'G0597954.JPG', 'G0597980.JPG', 'G0597978.JPG', 'G0597987.JPG', 'G0597958.JPG', 'G0597942.JPG', 'G0597927.JPG', 'G0597943.JPG', 'G0597961.JPG', 'G0597947.JPG', 'G0597989.JPG', 'G0597965.JPG', 'G0597969.JPG', 'G0597960.JPG', 'G0597935.JPG', 'G0597952.JPG', 'G0597953.JPG', 'G0597938.JPG', 'G0597959.JPG', 'G0597967.JPG', 'G0597970.JPG', 'G0597964.JPG', 'G0597939.JPG', 'G0597973.JPG', 'G0597940.JPG', 'G0597946.JPG', 'G0597929.JPG', 'G0597971.JPG', 'G0597928.JPG', 'G0597966.JPG', 'G0597963.JPG', 'G0597985.JPG', 'G0597977.JPG', 'G0597941.JPG', 'G0597972.JPG', 'G0597962.JPG', 'G0597931.JPG', 'G0597982.JPG', 'G0597976.JPG', 'G0597956.JPG', 'G0597968.JPG', 'G0597955.JPG', 'G0597974.JPG', 'G0597984.JPG', 'G0597975.JPG', 'G0597936.JPG', 'G0597957.JPG', 'G0597934.JPG'];['000', '000', '000', '000', '000', '000', '000', '000', '000', '000', '000', '000', '000', '000', '000', '000', '000', '000', '000', '000', '000', '000', '000', '000', '000', '000', '000', '000', '000', '000', '000', '000', '000', '000', '000', '000', '000', '000', '000', '000', '000', '000', '000', '000', '000', '000', '000', '000', '000'];[[44.447118399999994, 26.07572929997222], [44.44711949997222, 26.0757283], [44.447120899999994, 26.075731], [44.44712049997222, 26.0757304], [44.447193599972216, 26.075815899972223], [44.447119799999996, 26.0757283], [44.447115999999994, 26.0757295], [44.44711519997222, 26.0757301], [44.44711639997222, 26.0757295], [44.447120399999996, 26.07572839997222], [44.44711749997222, 26.0757304], [44.44721859997222, 26.07584999997222], [44.447121199972216, 26.0757285], [44.447121599999996, 26.07572899997222], [44.44712019999999, 26.0757283], [44.447115499999995, 26.0757286], [44.447118999999994, 26.0757289], [44.44711929997222, 26.0757286], [44.44711589997222, 26.07572869997222], [44.44711989997222, 26.0757282], [44.44712139999999, 26.0757289], [44.44712139999999, 26.07572899997222], [44.447120999999996, 26.0757285], [44.447115499999995, 26.0757286], [44.447120899999994, 26.0757297], [44.447115399999994, 26.0757288], [44.447117399999996, 26.07573059997222], [44.447115099972216, 26.07572959997222], [44.44712109997222, 26.07572929997222], [44.44711519997222, 26.0757298], [44.447121199972216, 26.0757288], [44.44712069997222, 26.0757283], [44.4471688, 26.0757845], [44.44712049997222, 26.0757303], [44.44711579997222, 26.07572929997222], [44.447120999999996, 26.0757295], [44.447120599972216, 26.0757283], [44.447114899999995, 26.0757292], [44.447131899999995, 26.0757419], [44.44712049997222, 26.075730199972224], [44.44712009997222, 26.0757279], [44.447121499999994, 26.0757289], [44.447119799999996, 26.075727999999998], [44.44712079999999, 26.07572989997222], [44.447155299972216, 26.07576789997222], [44.44712069997222, 26.07572989997222], [44.44711579997222, 26.0757285], [44.447119999972216, 26.075727999999998], [44.4471153, 26.07572869997222]]
B09EUH;[u'2016:12:15 21:52:15', u'2016:12:15 21:52:16', u'2016:12:15 21:52:17', u'2016:12:15 21:52:16', u'2016:12:15 21:52:17'];['G0598048.JPG', 'G0598049.JPG', 'G0598052.JPG', 'G0598050.JPG', 'G0598051.JPG'];['000', '000', '000', '000', '000'];[[44.447843899999995, 26.0752135], [44.44785469999999, 26.075177499972224], [44.44788009997222, 26.07509269997222], [44.447863599972216, 26.075147399972224], [44.447871299999996, 26.0751223]]
B06344;[u'2016:12:15 21:51:58'];['G0598014.JPG'];['000'];[[44.44757069997222, 26.0759383]]
B95WJH;[u'2016:12:15 21:50:13'];['G0597803.JPG'];['001'];[[44.444919799999994, 26.0779086]]
B235;[u'2016:12:15 21:50:44'];['G0597865.JPG'];['000'];[[44.446411299999994, 26.07566789997222]]
B115DEN;[u'2016:12:15 21:51:45', u'2016:12:15 21:51:46', u'2016:12:15 21:51:43', u'2016:12:15 21:51:42', u'2016:12:15 21:51:43', u'2016:12:15 21:51:42'];['G0597987.JPG', 'G0597989.JPG', 'G0597983.JPG', 'G0597982.JPG', 'G0597984.JPG', 'G0597981.JPG'];['000', '000', '000', '000', '000', '000'];[[44.447193599972216, 26.075815899972223], [44.44721859997222, 26.07584999997222], [44.447141499999994, 26.07575179997222], [44.447131899999995, 26.0757419], [44.447155299972216, 26.07576789997222], [44.447124699999996, 26.07573449997222]]
CT37CXC;[u'2016:12:15 21:50:30'];['G0597837.JPG'];['002'];[[44.44581689997222, 26.07656199997222]]
B220ARH;[u'2016:12:15 21:52:06', u'2016:12:15 21:52:06', u'2016:12:15 21:52:07'];['G0598029.JPG', 'G0598030.JPG', 'G0598031.JPG'];['001', '001', '001'];[[44.447664499999995, 26.0757787], [44.447671899999996, 26.075756899972223], [44.447679599999994, 26.0757331]]
B38UUA;[u'2016:12:15 21:49:59', u'2016:12:15 21:50:00', u'2016:12:15 21:50:01'];['G0597776.JPG', 'G0597778.JPG', 'G0597780.JPG'];['001', '001', '001'];[[44.44512499997222, 26.0782883], [44.44509759997222, 26.078307299972224], [44.44506959997222, 26.0783124]]
B100RG0;[u'2016:12:15 21:51:21', u'2016:12:15 21:50:59', u'2016:12:15 21:51:20', u'2016:12:15 21:51:26'];['G0597940.JPG', 'G0597896.JPG', 'G0597937.JPG', 'G0597949.JPG'];['000', '000', '000', '000'];[[44.447115399999994, 26.0757288], [44.44709819997222, 26.07572539997222], [44.44711579997222, 26.0757286], [44.44711749997222, 26.07573]]
B96ALY;[u'2016:12:15 21:52:11'];['G0598039.JPG'];['000'];[[44.44774509997222, 26.075519199972224]]
B34HIR;[u'2016:12:15 21:46:17', u'2016:12:15 21:46:13', u'2016:12:15 21:46:13'];['G0587666.JPG', 'G0587658.JPG', 'G0587658.JPG'];['000', '000', '000'];[[44.445966599972216, 26.0770893], [44.445957199999995, 26.0770707], [44.445957199999995, 26.0770707]]
IF91HR0;[u'2016:12:15 21:50:24'];['G0597826.JPG'];['000'];[[44.445504499972216, 26.077029199972223]]
B37ZAJ;[u'2016:12:15 21:52:17'];['G0598051.JPG'];['001'];[[44.447871299999996, 26.0751223]]
B07209;[u'2016:12:15 21:52:21'];['G0598060.JPG'];['000'];[[44.44796809997222, 26.07483219997222]]
B39FAP;[u'2016:12:15 21:52:05', u'2016:12:15 21:51:59', u'2016:12:15 21:51:06'];['G0598027.JPG', 'G0598015.JPG', 'G0597909.JPG'];['000', '000', '000'];[[44.447651399972216, 26.0758137], [44.447576399999996, 26.07593179997222], [44.44711159997222, 26.075733499972223]]
B37NVX;[u'2016:12:15 21:52:15'];['G0598047.JPG'];['000'];[[44.4478346, 26.0752445]]
IF78VLF;[u'2016:12:15 21:51:59', u'2016:12:15 21:52:00', u'2016:12:15 21:52:00', u'2016:12:15 21:52:00', u'2016:12:15 21:51:59'];['G0598016.JPG', 'G0598017.JPG', 'G0598017.JPG', 'G0598018.JPG', 'G0598015.JPG'];['000', '000', '000', '000', '000'];[[44.44758219997222, 26.0759249], [44.447588499999995, 26.07591749997222], [44.447588499999995, 26.07591749997222], [44.447593899999994, 26.0759113], [44.447576399999996, 26.07593179997222]]
B11RKC;[u'2016:12:15 21:49:52'];['G0597761.JPG'];['001'];[[44.44532379997222, 26.0779992]]
VL07RND;[u'2016:12:15 21:49:34'];['G0597725.JPG'];['002'];[[44.44587009999999, 26.0773021]]
B97YBH;[u'2016:12:15 21:50:56', u'2016:12:15 21:50:52', u'2016:12:15 21:50:53', u'2016:12:15 21:50:52', u'2016:12:15 21:50:54'];['G0597889.JPG', 'G0597882.JPG', 'G0597883.JPG', 'G0597881.JPG', 'G0597886.JPG'];['000', '000', '000', '000', '000'];[[44.44707139997222, 26.07570079997222], [44.44694599997222, 26.07558709997222], [44.446966399999994, 26.07560349997222], [44.44691989997222, 26.075567799999998], [44.44703129997222, 26.075662]]
B06644;[u'2016:12:15 21:51:59'];['G0598015.JPG'];['000'];[[44.447576399999996, 26.07593179997222]]
B52WZX;[u'2016:12:15 21:50:42', u'2016:12:15 21:50:43'];['G0597861.JPG', 'G0597863.JPG'];['001', '001'];[[44.44632, 26.07580379997222], [44.4463644, 26.07573389997222]]
B27KDU;[u'2016:12:15 21:49:50', u'2016:12:15 21:49:49'];['G0597757.JPG', 'G0597756.JPG'];['001', '001'];[[44.445377799999996, 26.0779108], [44.445389399999996, 26.07789089997222]]
B82INY;[u'2016:12:15 21:50:01'];['G0597779.JPG'];['000'];[[44.445085499972215, 26.07831159997222]]
B38SLK;[u'2016:12:15 21:50:31'];['G0597839.JPG'];['000'];[[44.445875699999995, 26.0764761]]
DB058381;[u'2016:12:15 21:50:16'];['G0597810.JPG'];['002'];[[44.44508209999999, 26.0776578]]
PH52RRR;[u'2016:12:15 21:50:18'];['G0597813.JPG'];['001'];[[44.44515749999999, 26.07754729997222]]
B35HAR;[u'2016:12:15 21:46:13'];['G0587659.JPG'];['000'];[[44.445954699999994, 26.077072]]
MH09MXC;[u'2016:12:15 21:50:21'];['G0597819.JPG'];['001'];[[44.44531299997222, 26.07731199997222]]
IF91MR0;[u'2016:12:15 21:50:36', u'2016:12:15 21:50:24'];['G0597850.JPG', 'G0597825.JPG'];['000', '000'];[[44.446147999999994, 26.076073699972223], [44.44547539997222, 26.07707339997222]]
B13DDT;[u'2016:12:15 21:46:05', u'2016:12:15 21:46:07', u'2016:12:15 21:46:02', u'2016:12:15 21:46:05', u'2016:12:15 21:46:06', u'2016:12:15 21:46:07', u'2016:12:15 21:46:06', u'2016:12:15 21:46:08', u'2016:12:15 21:46:08', u'2016:12:15 21:46:04'];['G0587643.JPG', 'G0587646.JPG', 'G0587637.JPG', 'G0587642.JPG', 'G0587645.JPG', 'G0587647.JPG', 'G0587644.JPG', 'G0587648.JPG', 'G0587649.JPG', 'G0587641.JPG'];['002', '002', '002', '002', '002', '002', '002', '002', '002', '002'];[[44.446022899999996, 26.0770543], [44.44602509997222, 26.077033499972224], [44.446015799972216, 26.07709529997222], [44.446019799999995, 26.0770583], [44.446024599999994, 26.077041099972224], [44.44602379997222, 26.07703], [44.446024599999994, 26.077045299999998], [44.44602299997222, 26.077027399972224], [44.446016799999995, 26.077022199972223], [44.446017999999995, 26.077067199972223]]
B0720;[u'2016:12:15 21:52:22'];['G0598062.JPG'];['000'];[[44.447988599999995, 26.07477839997222]]
B17XHY;[u'2016:12:15 21:52:30'];['G0598077.JPG'];['000'];[[44.44812209997222, 26.074475499972223]]
TR80SCF;[u'2016:12:15 21:50:27'];['G0597831.JPG'];['002'];[[44.445640399999995, 26.076823699972223]]
GL20ALV;[u'2016:12:15 21:51:27', u'2016:12:15 21:51:28', u'2016:12:15 21:51:12', u'2016:12:15 21:51:41', u'2016:12:15 21:51:40', u'2016:12:15 21:51:06', u'2016:12:15 21:51:24', u'2016:12:15 21:51:30', u'2016:12:15 21:51:22', u'2016:12:15 21:51:15', u'2016:12:15 21:51:23', u'2016:12:15 21:51:32', u'2016:12:15 21:51:25', u'2016:12:15 21:51:26', u'2016:12:15 21:51:34', u'2016:12:15 21:51:36', u'2016:12:15 21:51:31', u'2016:12:15 21:51:11', u'2016:12:15 21:51:08', u'2016:12:15 21:51:19', u'2016:12:15 21:51:27', u'2016:12:15 21:51:28', u'2016:12:15 21:51:20', u'2016:12:15 21:51:18', u'2016:12:15 21:51:31', u'2016:12:15 21:51:09', u'2016:12:15 21:51:35', u'2016:12:15 21:51:36', u'2016:12:15 21:51:33', u'2016:12:15 21:51:21', u'2016:12:15 21:51:12', u'2016:12:15 21:51:38', u'2016:12:15 21:51:21', u'2016:12:15 21:51:24', u'2016:12:15 21:51:16', u'2016:12:15 21:51:11', u'2016:12:15 21:51:37', u'2016:12:15 21:51:15', u'2016:12:15 21:51:34', u'2016:12:15 21:51:33', u'2016:12:15 21:51:13', u'2016:12:15 21:51:08', u'2016:12:15 21:51:40', u'2016:12:15 21:51:22', u'2016:12:15 21:51:37', u'2016:12:15 21:51:07', u'2016:12:15 21:51:20', u'2016:12:15 21:51:14', u'2016:12:15 21:51:32', u'2016:12:15 21:51:10', u'2016:12:15 21:51:17', u'2016:12:15 21:51:26', u'2016:12:15 21:51:09', u'2016:12:15 21:51:42', u'2016:12:15 21:51:39', u'2016:12:15 21:51:25', u'2016:12:15 21:51:29', u'2016:12:15 21:51:35', u'2016:12:15 21:51:10', u'2016:12:15 21:51:07', u'2016:12:15 21:51:29', u'2016:12:15 21:51:38', u'2016:12:15 21:51:39', u'2016:12:15 21:51:23', u'2016:12:15 21:51:19', u'2016:12:15 21:51:30', u'2016:12:15 21:51:13', u'2016:12:15 21:51:16', u'2016:12:15 21:51:14', u'2016:12:15 21:51:41', u'2016:12:15 21:51:18', u'2016:12:15 21:51:17', u'2016:12:15 21:51:06'];['G0597951.JPG', 'G0597954.JPG', 'G0597921.JPG', 'G0597980.JPG', 'G0597978.JPG', 'G0597910.JPG', 'G0597945.JPG', 'G0597958.JPG', 'G0597942.JPG', 'G0597927.JPG', 'G0597943.JPG', 'G0597961.JPG', 'G0597947.JPG', 'G0597950.JPG', 'G0597965.JPG', 'G0597969.JPG', 'G0597960.JPG', 'G0597920.JPG', 'G0597914.JPG', 'G0597935.JPG', 'G0597952.JPG', 'G0597953.JPG', 'G0597938.JPG', 'G0597933.JPG', 'G0597959.JPG', 'G0597915.JPG', 'G0597967.JPG', 'G0597970.JPG', 'G0597964.JPG', 'G0597939.JPG', 'G0597922.JPG', 'G0597973.JPG', 'G0597940.JPG', 'G0597946.JPG', 'G0597929.JPG', 'G0597919.JPG', 'G0597971.JPG', 'G0597928.JPG', 'G0597966.JPG', 'G0597963.JPG', 'G0597923.JPG', 'G0597913.JPG', 'G0597977.JPG', 'G0597941.JPG', 'G0597972.JPG', 'G0597911.JPG', 'G0597937.JPG', 'G0597926.JPG', 'G0597962.JPG', 'G0597918.JPG', 'G0597931.JPG', 'G0597949.JPG', 'G0597916.JPG', 'G0597982.JPG', 'G0597976.JPG', 'G0597948.JPG', 'G0597956.JPG', 'G0597968.JPG', 'G0597917.JPG', 'G0597912.JPG', 'G0597955.JPG', 'G0597974.JPG', 'G0597975.JPG', 'G0597944.JPG', 'G0597936.JPG', 'G0597957.JPG', 'G0597924.JPG', 'G0597930.JPG', 'G0597925.JPG', 'G0597979.JPG', 'G0597934.JPG', 'G0597932.JPG', 'G0597909.JPG'];['000', '000', '000', '000', '000', '000', '000', '000', '000', '000', '000', '000', '000', '000', '000', '000', '000', '000', '000', '000', '000', '000', '000', '000', '000', '000', '000', '000', '000', '000', '000', '000', '000', '000', '000', '000', '000', '000', '000', '000', '000', '000', '000', '000', '000', '000', '000', '000', '000', '000', '000', '000', '000', '000', '000', '000', '000', '000', '000', '000', '000', '000', '000', '000', '000', '000', '000', '000', '000', '000', '000', '000', '000'];[[44.447118399999994, 26.07572929997222], [44.44711949997222, 26.0757283], [44.4471153, 26.07573179997222], [44.447120899999994, 26.075731], [44.44712049997222, 26.0757304], [44.44711159997222, 26.0757334], [44.447117199999994, 26.075730499972224], [44.447119799999996, 26.0757283], [44.447115999999994, 26.0757295], [44.44711519997222, 26.0757301], [44.44711639997222, 26.0757295], [44.447120399999996, 26.07572839997222], [44.44711749997222, 26.0757304], [44.447117899999995, 26.0757297], [44.447121199972216, 26.0757285], [44.447121599999996, 26.07572899997222], [44.44712019999999, 26.0757283], [44.4471153, 26.075731999972223], [44.44711319997222, 26.075732599972223], [44.447115499999995, 26.0757286], [44.447118999999994, 26.0757289], [44.44711929997222, 26.0757286], [44.44711589997222, 26.07572869997222], [44.44711499997222, 26.0757288], [44.44711989997222, 26.0757282], [44.44711379997222, 26.075732599972223], [44.44712139999999, 26.0757289], [44.44712139999999, 26.07572899997222], [44.447120999999996, 26.0757285], [44.447115499999995, 26.0757286], [44.4471153, 26.0757316], [44.447120899999994, 26.0757297], [44.447115399999994, 26.0757288], [44.447117399999996, 26.07573059997222], [44.447115099972216, 26.07572959997222], [44.44711499997222, 26.07573209997222], [44.44712109997222, 26.07572929997222], [44.44711519997222, 26.0757298], [44.447121199972216, 26.0757288], [44.44712069997222, 26.0757283], [44.4471153, 26.0757313], [44.447112699972216, 26.0757328], [44.44712049997222, 26.0757303], [44.44711579997222, 26.07572929997222], [44.447120999999996, 26.0757295], [44.44711199997222, 26.075733199972223], [44.44711579997222, 26.0757286], [44.447115399999994, 26.0757304], [44.447120599972216, 26.0757283], [44.447114799999994, 26.075732299972223], [44.447114899999995, 26.0757292], [44.44711749997222, 26.07573], [44.447114199999994, 26.075732599972223], [44.447131899999995, 26.0757419], [44.44712049997222, 26.075730199972224], [44.447117599972216, 26.0757303], [44.44712009997222, 26.0757279], [44.447121499999994, 26.0757289], [44.44711459997222, 26.0757325], [44.447112399999995, 26.0757331], [44.447119799999996, 26.075727999999998], [44.44712079999999, 26.07572989997222], [44.44712069997222, 26.07572989997222], [44.447116799999996, 26.0757301], [44.44711579997222, 26.0757285], [44.447119999972216, 26.075727999999998], [44.447115399999994, 26.075731099972224], [44.44711499997222, 26.07572929997222], [44.4471153, 26.0757307], [44.44712049997222, 26.0757303], [44.4471153, 26.07572869997222], [44.447114899999995, 26.0757289], [44.44711159997222, 26.075733499972223]]
B997NTZ;[u'2016:12:15 21:50:38', u'2016:12:15 21:50:37'];['G0597853.JPG', 'G0597852.JPG'];['000', '000'];[[44.446203499999996, 26.075989499972223], [44.44618779997222, 26.07601449997222]]
B84JGX;[u'2016:12:15 21:52:13', u'2016:12:15 21:52:14', u'2016:12:15 21:52:14'];['G0598044.JPG', 'G0598045.JPG', 'G0598046.JPG'];['001', '001', '001'];[[44.447796999999994, 26.07535839997222], [44.447808599999995, 26.075322199972224], [44.447821899999994, 26.0752856]]
NT13SVB;[u'2016:12:15 21:50:46'];['G0597870.JPG'];['001'];[[44.446543199999994, 26.0755319]]
B7447;[u'2016:12:15 21:50:09'];['G0597795.JPG'];['000'];[[44.44489229997222, 26.0780971]]
B268AYS;[u'2016:12:15 21:52:19'];['G0598056.JPG'];['001'];[[44.44791899997222, 26.07497049997222]]
B993FIY;[u'2016:12:15 21:50:17'];['G0597812.JPG'];['000'];[[44.445130299999995, 26.07758779997222]]
B78DCU;[u'2016:12:15 21:50:23'];['G0597824.JPG'];['001'];[[44.445451899999995, 26.0771082]]
